{
  "Decision Tree": {
    "Accuracy": 0.425,
    "Macro Precision": 0.40066391941391943,
    "Macro Recall": 0.39791666666666664,
    "Macro F1": 0.3992855675324427
  },
  "Random Forest": {
    "Accuracy": 0.425,
    "Macro Precision": 0.3005952380952381,
    "Macro Recall": 0.33958333333333335,
    "Macro F1": 0.31890206105687274
  },
  "Linear Regression": {
    "Accuracy": 0.45,
    "Macro Precision": 0.29230769230769227,
    "Macro Recall": 0.375,
    "Macro F1": 0.3285302593659942
  },
  "Logistic Regression": {
    "Accuracy": 0.425,
    "Macro Precision": 0.3482142857142857,
    "Macro Recall": 0.3875,
    "Macro F1": 0.36680825242718446
  },
  "KNN": {
    "Accuracy": 0.2,
    "Macro Precision": 0.153125,
    "Macro Recall": 0.18333333333333332,
    "Macro F1": 0.16687306501547988
  },
  "Naive Bayes": {
    "Accuracy": 0.375,
    "Macro Precision": 0.3041666666666667,
    "Macro Recall": 0.35,
    "Macro F1": 0.3254777070063694
  }
}